<application>
  <component name="ProjectJdkTable">
    <jdk version="2">
      <name value="Python 3.7" />
      <type value="Python SDK" />
      <version value="Python 3.7.3" />
      <homePath value="/usr/bin/python3.7" />
      <roots>
        <classPath>
          <root type="composite">
            <root url="file://$USER_HOME$/tools/pycharm-2020.1/plugins/python/helpers" type="simple" />
            <root url="file:///usr/lib/python3.7" type="simple" />
            <root url="file:///usr/lib/python3.7/lib-dynload" type="simple" />
            <root url="file:///usr/local/lib/python3.7/dist-packages" type="simple" />
            <root url="file:///usr/lib/python3/dist-packages" type="simple" />
            <root url="file://$USER_HOME$/.cache/JetBrains/PyCharm2020.1/python_stubs/-1247971762" type="simple" />
            <root url="file://$APPLICATION_HOME_DIR$/plugins/python/helpers/python-skeletons" type="simple" />
            <root url="file://$APPLICATION_HOME_DIR$/plugins/python/helpers/typeshed/stdlib/3.7" type="simple" />
            <root url="file://$APPLICATION_HOME_DIR$/plugins/python/helpers/typeshed/stdlib/3" type="simple" />
            <root url="file://$APPLICATION_HOME_DIR$/plugins/python/helpers/typeshed/stdlib/2and3" type="simple" />
            <root url="file://$APPLICATION_HOME_DIR$/plugins/python/helpers/typeshed/third_party/3" type="simple" />
            <root url="file://$APPLICATION_HOME_DIR$/plugins/python/helpers/typeshed/third_party/2and3" type="simple" />
          </root>
        </classPath>
        <sourcePath>
          <root type="composite" />
        </sourcePath>
      </roots>
      <additional />
    </jdk>
    <jdk version="2">
      <name value="Python 3.6 (deep-learn-3.6)" />
      <type value="Python SDK" />
      <version value="Python 3.6.10" />
      <homePath value="$USER_HOME$/.pyenv/versions/miniconda3-4.3.30/envs/deep-learn-3.6/bin/python" />
      <roots>
        <classPath>
          <root type="composite">
            <root url="file://$USER_HOME$/tools/pycharm-2020.1/plugins/python/helpers" type="simple" />
            <root url="file://$USER_HOME$/.pyenv/versions/miniconda3-4.3.30/envs/deep-learn-3.6/lib/python3.6" type="simple" />
            <root url="file://$USER_HOME$/.pyenv/versions/miniconda3-4.3.30/envs/deep-learn-3.6/lib/python3.6/lib-dynload" type="simple" />
            <root url="file://$USER_HOME$/.pyenv/versions/miniconda3-4.3.30/envs/deep-learn-3.6/lib/python3.6/site-packages" type="simple" />
            <root url="file://$USER_HOME$/.cache/JetBrains/PyCharm2020.1/python_stubs/1900822371" type="simple" />
            <root url="file://$APPLICATION_HOME_DIR$/plugins/python/helpers/python-skeletons" type="simple" />
            <root url="file://$APPLICATION_HOME_DIR$/plugins/python/helpers/typeshed/stdlib/3" type="simple" />
            <root url="file://$APPLICATION_HOME_DIR$/plugins/python/helpers/typeshed/stdlib/2and3" type="simple" />
            <root url="file://$APPLICATION_HOME_DIR$/plugins/python/helpers/typeshed/third_party/3" type="simple" />
            <root url="file://$APPLICATION_HOME_DIR$/plugins/python/helpers/typeshed/third_party/2and3" type="simple" />
          </root>
        </classPath>
        <sourcePath>
          <root type="composite" />
        </sourcePath>
      </roots>
      <additional />
    </jdk>
    <jdk version="2">
      <name value="Python 2.7 (spark-env-2.7)" />
      <type value="Python SDK" />
      <version value="Python 2.7.18" />
      <homePath value="$USER_HOME$/.pyenv/versions/miniconda3-4.3.30/envs/spark-env-2.7/bin/python" />
      <roots>
        <classPath>
          <root type="composite">
            <root url="file://$APPLICATION_HOME_DIR$/plugins/python/helpers" type="simple" />
            <root url="file://$USER_HOME$/.pyenv/versions/miniconda3-4.3.30/envs/spark-env-2.7/lib/python2.7" type="simple" />
            <root url="file://$USER_HOME$/.pyenv/versions/miniconda3-4.3.30/envs/spark-env-2.7/lib/python2.7/plat-linux2" type="simple" />
            <root url="file://$USER_HOME$/.pyenv/versions/miniconda3-4.3.30/envs/spark-env-2.7/lib/python2.7/lib-tk" type="simple" />
            <root url="file://$USER_HOME$/.pyenv/versions/miniconda3-4.3.30/envs/spark-env-2.7/lib/python2.7/lib-dynload" type="simple" />
            <root url="file://$USER_HOME$/.local/lib/python2.7/site-packages" type="simple" />
            <root url="file://$USER_HOME$/.pyenv/versions/miniconda3-4.3.30/envs/spark-env-2.7/lib/python2.7/site-packages" type="simple" />
            <root url="file://$USER_HOME$/.cache/JetBrains/PyCharm2020.1/python_stubs/1469587303" type="simple" />
            <root url="file://$APPLICATION_HOME_DIR$/plugins/python/helpers/python-skeletons" type="simple" />
            <root url="file://$APPLICATION_HOME_DIR$/plugins/python/helpers/typeshed/stdlib/2" type="simple" />
            <root url="file://$APPLICATION_HOME_DIR$/plugins/python/helpers/typeshed/stdlib/2and3" type="simple" />
            <root url="file://$APPLICATION_HOME_DIR$/plugins/python/helpers/typeshed/third_party/2" type="simple" />
            <root url="file://$APPLICATION_HOME_DIR$/plugins/python/helpers/typeshed/third_party/2and3" type="simple" />
          </root>
        </classPath>
        <sourcePath>
          <root type="composite" />
        </sourcePath>
      </roots>
      <additional />
    </jdk>
    <jdk version="2">
      <name value="Python 3.6 (spark-env-3.6)" />
      <type value="Python SDK" />
      <version value="Python 3.6.12" />
      <homePath value="$USER_HOME$/.pyenv/versions/miniconda3-4.3.30/envs/spark-env-3.6/bin/python" />
      <roots>
        <classPath>
          <root type="composite">
            <root url="file://$USER_HOME$/tools/pycharm-2020.1/plugins/python/helpers" type="simple" />
            <root url="file://$USER_HOME$/.pyenv/versions/miniconda3-4.3.30/envs/spark-env-3.6/lib/python3.6" type="simple" />
            <root url="file://$USER_HOME$/.pyenv/versions/miniconda3-4.3.30/envs/spark-env-3.6/lib/python3.6/lib-dynload" type="simple" />
            <root url="file://$USER_HOME$/.pyenv/versions/miniconda3-4.3.30/envs/spark-env-3.6/lib/python3.6/site-packages" type="simple" />
            <root url="file://$USER_HOME$/.cache/JetBrains/PyCharm2020.1/python_stubs/834945959" type="simple" />
            <root url="file://$APPLICATION_HOME_DIR$/plugins/python/helpers/python-skeletons" type="simple" />
            <root url="file://$APPLICATION_HOME_DIR$/plugins/python/helpers/typeshed/stdlib/3" type="simple" />
            <root url="file://$APPLICATION_HOME_DIR$/plugins/python/helpers/typeshed/stdlib/2and3" type="simple" />
            <root url="file://$APPLICATION_HOME_DIR$/plugins/python/helpers/typeshed/third_party/3" type="simple" />
            <root url="file://$APPLICATION_HOME_DIR$/plugins/python/helpers/typeshed/third_party/2and3" type="simple" />
          </root>
        </classPath>
        <sourcePath>
          <root type="composite" />
        </sourcePath>
      </roots>
      <additional />
    </jdk>
    <jdk version="2">
      <name value="Python 3.8 (util-3.8)" />
      <type value="Python SDK" />
      <version value="Python 3.8.5" />
      <homePath value="$USER_HOME$/.pyenv/versions/miniconda3-4.3.30/envs/util-3.8/bin/python" />
      <roots>
        <classPath>
          <root type="composite">
            <root url="file://$USER_HOME$/tools/pycharm-2020.1/plugins/python/helpers" type="simple" />
            <root url="file://$USER_HOME$/.pyenv/versions/miniconda3-4.3.30/envs/util-3.8/lib/python3.8" type="simple" />
            <root url="file://$USER_HOME$/.pyenv/versions/miniconda3-4.3.30/envs/util-3.8/lib/python3.8/lib-dynload" type="simple" />
            <root url="file://$USER_HOME$/.pyenv/versions/miniconda3-4.3.30/envs/util-3.8/lib/python3.8/site-packages" type="simple" />
            <root url="file://$USER_HOME$/.cache/JetBrains/PyCharm2020.1/python_stubs/257934114" type="simple" />
            <root url="file://$APPLICATION_HOME_DIR$/plugins/python/helpers/python-skeletons" type="simple" />
            <root url="file://$APPLICATION_HOME_DIR$/plugins/python/helpers/typeshed/stdlib/3.7" type="simple" />
            <root url="file://$APPLICATION_HOME_DIR$/plugins/python/helpers/typeshed/stdlib/3" type="simple" />
            <root url="file://$APPLICATION_HOME_DIR$/plugins/python/helpers/typeshed/stdlib/2and3" type="simple" />
            <root url="file://$APPLICATION_HOME_DIR$/plugins/python/helpers/typeshed/third_party/3" type="simple" />
            <root url="file://$APPLICATION_HOME_DIR$/plugins/python/helpers/typeshed/third_party/2and3" type="simple" />
          </root>
        </classPath>
        <sourcePath>
          <root type="composite" />
        </sourcePath>
      </roots>
      <additional />
    </jdk>
  </component>
</application>