<profile version="1.0">
  <option name="myName" value="Default" />
  <inspection_tool class="PyPackageRequirementsInspection" enabled="true" level="WARNING" enabled_by_default="true">
    <option name="ignoredPackages">
      <value>
        <list size="86">
          <item index="0" class="java.lang.String" itemvalue="traitlets" />
          <item index="1" class="java.lang.String" itemvalue="absl-py" />
          <item index="2" class="java.lang.String" itemvalue="google-pasta" />
          <item index="3" class="java.lang.String" itemvalue="bs4" />
          <item index="4" class="java.lang.String" itemvalue="joblib" />
          <item index="5" class="java.lang.String" itemvalue="threadpoolctl" />
          <item index="6" class="java.lang.String" itemvalue="googleapis-common-protos" />
          <item index="7" class="java.lang.String" itemvalue="opt-einsum" />
          <item index="8" class="java.lang.String" itemvalue="scikit-learn" />
          <item index="9" class="java.lang.String" itemvalue="pickleshare" />
          <item index="10" class="java.lang.String" itemvalue="python-dateutil" />
          <item index="11" class="java.lang.String" itemvalue="promise" />
          <item index="12" class="java.lang.String" itemvalue="cycler" />
          <item index="13" class="java.lang.String" itemvalue="gast" />
          <item index="14" class="java.lang.String" itemvalue="mkl-random" />
          <item index="15" class="java.lang.String" itemvalue="pycparser" />
          <item index="16" class="java.lang.String" itemvalue="pyasn1-modules" />
          <item index="17" class="java.lang.String" itemvalue="ipython-genutils" />
          <item index="18" class="java.lang.String" itemvalue="Pygments" />
          <item index="19" class="java.lang.String" itemvalue="oauthlib" />
          <item index="20" class="java.lang.String" itemvalue="soupsieve" />
          <item index="21" class="java.lang.String" itemvalue="pyparsing" />
          <item index="22" class="java.lang.String" itemvalue="Markdown" />
          <item index="23" class="java.lang.String" itemvalue="beautifulsoup4" />
          <item index="24" class="java.lang.String" itemvalue="wincertstore" />
          <item index="25" class="java.lang.String" itemvalue="Werkzeug" />
          <item index="26" class="java.lang.String" itemvalue="h5py" />
          <item index="27" class="java.lang.String" itemvalue="wrapt" />
          <item index="28" class="java.lang.String" itemvalue="cryptography" />
          <item index="29" class="java.lang.String" itemvalue="kiwisolver" />
          <item index="30" class="java.lang.String" itemvalue="click" />
          <item index="31" class="java.lang.String" itemvalue="attrs" />
          <item index="32" class="java.lang.String" itemvalue="jedi" />
          <item index="33" class="java.lang.String" itemvalue="backcall" />
          <item index="34" class="java.lang.String" itemvalue="PySocks" />
          <item index="35" class="java.lang.String" itemvalue="matplotlib" />
          <item index="36" class="java.lang.String" itemvalue="PyJWT" />
          <item index="37" class="java.lang.String" itemvalue="rsa" />
          <item index="38" class="java.lang.String" itemvalue="decorator" />
          <item index="39" class="java.lang.String" itemvalue="brotlipy" />
          <item index="40" class="java.lang.String" itemvalue="cffi" />
          <item index="41" class="java.lang.String" itemvalue="sklearn" />
          <item index="42" class="java.lang.String" itemvalue="wcwidth" />
          <item index="43" class="java.lang.String" itemvalue="numpy" />
          <item index="44" class="java.lang.String" itemvalue="pyasn1" />
          <item index="45" class="java.lang.String" itemvalue="jdcal" />
          <item index="46" class="java.lang.String" itemvalue="mkl-fft" />
          <item index="47" class="java.lang.String" itemvalue="requests-oauthlib" />
          <item index="48" class="java.lang.String" itemvalue="Keras-Preprocessing" />
          <item index="49" class="java.lang.String" itemvalue="pyOpenSSL" />
          <item index="50" class="java.lang.String" itemvalue="prompt-toolkit" />
          <item index="51" class="java.lang.String" itemvalue="urllib3" />
          <item index="52" class="java.lang.String" itemvalue="pyreadline" />
          <item index="53" class="java.lang.String" itemvalue="blinker" />
          <item index="54" class="java.lang.String" itemvalue="scipy" />
          <item index="55" class="java.lang.String" itemvalue="six" />
          <item index="56" class="java.lang.String" itemvalue="google-auth-oauthlib" />
          <item index="57" class="java.lang.String" itemvalue="parso" />
          <item index="58" class="java.lang.String" itemvalue="astor" />
          <item index="59" class="java.lang.String" itemvalue="ipython" />
          <item index="60" class="java.lang.String" itemvalue="dill" />
          <item index="61" class="java.lang.String" itemvalue="et-xmlfile" />
          <item index="62" class="java.lang.String" itemvalue="Keras-Applications" />
          <item index="63" class="java.lang.String" itemvalue="chardet" />
          <item index="64" class="java.lang.String" itemvalue="tqdm" />
          <item index="65" class="java.lang.String" itemvalue="win-inet-pton" />
          <item index="66" class="java.lang.String" itemvalue="termcolor" />
          <item index="67" class="java.lang.String" itemvalue="colorama" />
          <item index="68" class="java.lang.String" itemvalue="future" />
          <item index="69" class="java.lang.String" itemvalue="cachetools" />
          <item index="70" class="java.lang.String" itemvalue="grpcio" />
          <item index="71" class="java.lang.String" itemvalue="google-auth" />
          <item index="72" class="java.lang.String" itemvalue="openpyxl" />
          <item index="73" class="java.lang.String" itemvalue="autopep8" />
          <item index="74" class="java.lang.String" itemvalue="ptyprocess" />
          <item index="75" class="java.lang.String" itemvalue="backports.shutil-get-terminal-size" />
          <item index="76" class="java.lang.String" itemvalue="pycodestyle" />
          <item index="77" class="java.lang.String" itemvalue="pexpect" />
          <item index="78" class="java.lang.String" itemvalue="pathlib2" />
          <item index="79" class="java.lang.String" itemvalue="simplegeneric" />
          <item index="80" class="java.lang.String" itemvalue="pandas" />
          <item index="81" class="java.lang.String" itemvalue="scandir" />
          <item index="82" class="java.lang.String" itemvalue="backports.functools-lru-cache" />
          <item index="83" class="java.lang.String" itemvalue="certifi" />
          <item index="84" class="java.lang.String" itemvalue="pytz" />
          <item index="85" class="java.lang.String" itemvalue="enum34" />
        </list>
      </value>
    </option>
  </inspection_tool>
</profile>